timestamp,project_name,run_id,experiment_id,duration,emissions,emissions_rate,cpu_power,gpu_power,ram_power,cpu_energy,gpu_energy,ram_energy,energy_consumed,country_name,country_iso_code,region,cloud_provider,cloud_region,os,python_version,codecarbon_version,cpu_count,cpu_model,gpu_count,gpu_model,longitude,latitude,ram_total_size,tracking_mode,on_cloud,pue
2025-05-13T09:12:09,codecarbon,a89e92f6-6314-4665-b28e-a2c4ffd58faf,5b0fa12a-3dd7-45bb-9766-cc326314d9f1,5.008582400041632,0.0004190341084725,8.366321545774582e-05,390.0,12.357867410821283,20.0,0.0005423656008332,1.7186680415999783e-05,2.779006166707e-05,0.0005873423429163,India,IND,west bengal,,,Windows-11-10.0.22631-SP0,3.12.7,3.0.1,12,AMD Ryzen 5 5600X 6-Core Processor,1,1 x NVIDIA GeForce GTX 1070,88.3693,22.5643,63.90738296508789,machine,N,1.0
2025-05-13T09:12:14,codecarbon,a89e92f6-6314-4665-b28e-a2c4ffd58faf,5b0fa12a-3dd7-45bb-9766-cc326314d9f1,10.02723230002448,0.0008389118766113,8.366335310785021e-05,390.0,12.371794852483134,20.0,0.0010858056408294,3.4427249763999915e-05,5.56343172224135e-05,0.0011758672078159,India,IND,west bengal,,,Windows-11-10.0.22631-SP0,3.12.7,3.0.1,12,AMD Ryzen 5 5600X 6-Core Processor,1,1 x NVIDIA GeForce GTX 1070,88.3693,22.5643,63.90738296508789,machine,N,1.0
2025-05-13T09:12:19,codecarbon,a89e92f6-6314-4665-b28e-a2c4ffd58faf,5b0fa12a-3dd7-45bb-9766-cc326314d9f1,15.044225900084712,0.00125865457672,8.366363181989503e-05,390.0,12.4113711308968,20.0,0.0016290184733234,5.171504137200037e-05,8.346923888893798e-05,0.0017642027535844,India,IND,west bengal,,,Windows-11-10.0.22631-SP0,3.12.7,3.0.1,12,AMD Ryzen 5 5600X 6-Core Processor,1,1 x NVIDIA GeForce GTX 1070,88.3693,22.5643,63.90738296508789,machine,N,1.0
2025-05-13T09:12:24,codecarbon,a89e92f6-6314-4665-b28e-a2c4ffd58faf,5b0fa12a-3dd7-45bb-9766-cc326314d9f1,20.06253009999637,0.0016784051269879,8.365869701490253e-05,390.0,12.318880615810038,20.0,0.002172360742486,6.887811065799977e-05,0.0001113104494443,0.0023525493025883,India,IND,west bengal,,,Windows-11-10.0.22631-SP0,3.12.7,3.0.1,12,AMD Ryzen 5 5600X 6-Core Processor,1,1 x NVIDIA GeForce GTX 1070,88.3693,22.5643,63.90738296508789,machine,N,1.0
2025-05-13T09:14:33,codecarbon,8671ae5d-5359-4ba3-af22-7e9a0e151d9e,5b0fa12a-3dd7-45bb-9766-cc326314d9f1,5.007713199942373,0.0004186807767752,8.36071795765055e-05,390.0,12.062528833783109,20.0,0.000542282108328,1.6773346751999818e-05,2.7791637777247364e-05,0.0005868470928573,India,IND,west bengal,,,Windows-11-10.0.22631-SP0,3.12.7,3.0.1,12,AMD Ryzen 5 5600X 6-Core Processor,1,1 x NVIDIA GeForce GTX 1070,88.3693,22.5643,63.90738296508789,machine,N,1.0
2025-05-13T09:14:38,codecarbon,8671ae5d-5359-4ba3-af22-7e9a0e151d9e,5b0fa12a-3dd7-45bb-9766-cc326314d9f1,10.020707299932836,0.000837821824101,8.360905064123192e-05,390.0,12.093254557360556,20.0,0.0010851174316563,3.36069713300002e-05,5.561492444378221e-05,0.00117433932743,India,IND,west bengal,,,Windows-11-10.0.22631-SP0,3.12.7,3.0.1,12,AMD Ryzen 5 5600X 6-Core Processor,1,1 x NVIDIA GeForce GTX 1070,88.3693,22.5643,63.90738296508789,machine,N,1.0
2025-05-13T09:14:43,codecarbon,8671ae5d-5359-4ba3-af22-7e9a0e151d9e,5b0fa12a-3dd7-45bb-9766-cc326314d9f1,15.033612699946389,0.0012570421914786,8.361544337796748e-05,390.0,12.188963194898484,20.0,0.0016279415099871,5.057365157000015e-05,8.342757999909939e-05,0.0017619427415562,India,IND,west bengal,,,Windows-11-10.0.22631-SP0,3.12.7,3.0.1,12,AMD Ryzen 5 5600X 6-Core Processor,1,1 x NVIDIA GeForce GTX 1070,88.3693,22.5643,63.90738296508789,machine,N,1.0
2025-05-13T09:14:48,codecarbon,8671ae5d-5359-4ba3-af22-7e9a0e151d9e,5b0fa12a-3dd7-45bb-9766-cc326314d9f1,20.046754699898884,0.0016761911717236,8.361409099958325e-05,390.0,12.14367849516622,20.0,0.0021707323624965,6.74756095359998e-05,0.0001112381233329,0.0023494460953655,India,IND,west bengal,,,Windows-11-10.0.22631-SP0,3.12.7,3.0.1,12,AMD Ryzen 5 5600X 6-Core Processor,1,1 x NVIDIA GeForce GTX 1070,88.3693,22.5643,63.90738296508789,machine,N,1.0
2025-05-13T09:15:05,codecarbon,beba0aaa-e920-4d2f-94ad-2f0fcd13d696,5b0fa12a-3dd7-45bb-9766-cc326314d9f1,5.009611899964511,0.0004188841590457,8.361608991081478e-05,390.0,12.126537516344657,20.0,0.0005424718216682,1.686834682800009e-05,2.7791996666282e-05,0.0005871321651625,India,IND,west bengal,,,Windows-11-10.0.22631-SP0,3.12.7,3.0.1,12,AMD Ryzen 5 5600X 6-Core Processor,1,1 x NVIDIA GeForce GTX 1070,88.3693,22.5643,63.90738296508789,machine,N,1.0
2025-05-13T09:15:10,codecarbon,beba0aaa-e920-4d2f-94ad-2f0fcd13d696,5b0fa12a-3dd7-45bb-9766-cc326314d9f1,10.024096600012854,0.0008381566898002,8.361418721754453e-05,390.0,12.10514109142375,20.0,0.0010854704141704,3.372363809000037e-05,5.561464222199801e-05,0.0011748086944824,India,IND,west bengal,,,Windows-11-10.0.22631-SP0,3.12.7,3.0.1,12,AMD Ryzen 5 5600X 6-Core Processor,1,1 x NVIDIA GeForce GTX 1070,88.3693,22.5643,63.90738296508789,machine,N,1.0
2025-05-13T09:15:15,codecarbon,beba0aaa-e920-4d2f-94ad-2f0fcd13d696,5b0fa12a-3dd7-45bb-9766-cc326314d9f1,15.036630099988542,0.0012572668376182,8.361360419574079e-05,390.0,12.114740031972795,20.0,0.0016282464575012,5.0585318246000426e-05,8.342584277787763e-05,0.0017622576185251,India,IND,west bengal,,,Windows-11-10.0.22631-SP0,3.12.7,3.0.1,12,AMD Ryzen 5 5600X 6-Core Processor,1,1 x NVIDIA GeForce GTX 1070,88.3693,22.5643,63.90738296508789,machine,N,1.0
2025-05-13T09:15:20,codecarbon,beba0aaa-e920-4d2f-94ad-2f0fcd13d696,5b0fa12a-3dd7-45bb-9766-cc326314d9f1,20.049087699968368,0.001676385238357,8.36140408702855e-05,390.0,12.100104828331872,20.0,0.0021710533541733,6.742699838600038e-05,0.0001112377577778,0.0023497181103372,India,IND,west bengal,,,Windows-11-10.0.22631-SP0,3.12.7,3.0.1,12,AMD Ryzen 5 5600X 6-Core Processor,1,1 x NVIDIA GeForce GTX 1070,88.3693,22.5643,63.90738296508789,machine,N,1.0
2025-05-13T09:31:59,codecarbon,1187fcff-19ab-4259-9c19-dc1936363fe3,5b0fa12a-3dd7-45bb-9766-cc326314d9f1,5.008044900023378,0.0004187194962277,8.360937343549633e-05,390.0,12.079172554993995,20.0,0.0005423127125007,1.67975134379994e-05,2.7791138333527164e-05,0.0005869013642722,India,IND,west bengal,,,Windows-11-10.0.22631-SP0,3.12.7,3.0.1,12,AMD Ryzen 5 5600X 6-Core Processor,1,1 x NVIDIA GeForce GTX 1070,88.3693,22.5643,63.90738296508789,machine,N,1.0
2025-05-13T09:32:04,codecarbon,1187fcff-19ab-4259-9c19-dc1936363fe3,5b0fa12a-3dd7-45bb-9766-cc326314d9f1,10.02785870002117,0.0008384003548204,8.360711692304917e-05,390.0,12.08400295718536,20.0,0.0010858671958315,3.364002691199925e-05,5.564300666640823e-05,0.0011751502294099,India,IND,west bengal,,,Windows-11-10.0.22631-SP0,3.12.7,3.0.1,12,AMD Ryzen 5 5600X 6-Core Processor,1,1 x NVIDIA GeForce GTX 1070,88.3693,22.5643,63.90738296508789,machine,N,1.0
2025-05-13T09:32:09,codecarbon,1187fcff-19ab-4259-9c19-dc1936363fe3,5b0fa12a-3dd7-45bb-9766-cc326314d9f1,15.039673599996604,0.0012574359321743,8.360792698151453e-05,390.0,12.082188521897994,20.0,0.0016285872958319,5.045448480799943e-05,8.345285055499213e-05,0.0017624946311949,India,IND,west bengal,,,Windows-11-10.0.22631-SP0,3.12.7,3.0.1,12,AMD Ryzen 5 5600X 6-Core Processor,1,1 x NVIDIA GeForce GTX 1070,88.3693,22.5643,63.90738296508789,machine,N,1.0
2025-05-13T09:32:14,codecarbon,1187fcff-19ab-4259-9c19-dc1936363fe3,5b0fa12a-3dd7-45bb-9766-cc326314d9f1,20.051439200062305,0.0016764781601804,8.360886934117009e-05,390.0,12.085370543415854,20.0,0.0021713125849879,6.72733871520002e-05,0.0001112623827771,0.0023498483549171,India,IND,west bengal,,,Windows-11-10.0.22631-SP0,3.12.7,3.0.1,12,AMD Ryzen 5 5600X 6-Core Processor,1,1 x NVIDIA GeForce GTX 1070,88.3693,22.5643,63.90738296508789,machine,N,1.0
2025-05-13T09:33:20,codecarbon,1cfa8f5d-782d-4f54-88c3-3807f42ade7d,5b0fa12a-3dd7-45bb-9766-cc326314d9f1,5.007874400005676,0.0004186679067138,8.360191835349266e-05,390.0,12.071800403223229,20.0,0.0005422542666764,1.678529120600035e-05,2.7789495555528752e-05,0.0005868290534379,India,IND,west bengal,,,Windows-11-10.0.22631-SP0,3.12.7,3.0.1,12,AMD Ryzen 5 5600X 6-Core Processor,1,1 x NVIDIA GeForce GTX 1070,88.3693,22.5643,63.90738296508789,machine,N,1.0
2025-05-13T09:33:25,codecarbon,1cfa8f5d-782d-4f54-88c3-3807f42ade7d,5b0fa12a-3dd7-45bb-9766-cc326314d9f1,10.022966100019405,0.0008380200081516,8.360998129585945e-05,390.0,12.122436292867633,20.0,0.0010853339250112,3.3666693600000255e-05,5.5616494999655215e-05,0.0011746171136108,India,IND,west bengal,,,Windows-11-10.0.22631-SP0,3.12.7,3.0.1,12,AMD Ryzen 5 5600X 6-Core Processor,1,1 x NVIDIA GeForce GTX 1070,88.3693,22.5643,63.90738296508789,machine,N,1.0
2025-05-13T09:33:30,codecarbon,1cfa8f5d-782d-4f54-88c3-3807f42ade7d,5b0fa12a-3dd7-45bb-9766-cc326314d9f1,15.039972300059162,0.0012575027980853,8.361071237347939e-05,390.0,12.09701559339383,20.0,0.0016286128733375,5.051865152600095e-05,8.345682944378092e-05,0.0017625883543072,India,IND,west bengal,,,Windows-11-10.0.22631-SP0,3.12.7,3.0.1,12,AMD Ryzen 5 5600X 6-Core Processor,1,1 x NVIDIA GeForce GTX 1070,88.3693,22.5643,63.90738296508789,machine,N,1.0
2025-05-13T09:33:35,codecarbon,1cfa8f5d-782d-4f54-88c3-3807f42ade7d,5b0fa12a-3dd7-45bb-9766-cc326314d9f1,20.056815700023435,0.0016769774191261,8.361134908988394e-05,390.0,12.095781871088857,20.0,0.0021718815516738,6.736866500599986e-05,0.0001112979283329,0.0023505481450128,India,IND,west bengal,,,Windows-11-10.0.22631-SP0,3.12.7,3.0.1,12,AMD Ryzen 5 5600X 6-Core Processor,1,1 x NVIDIA GeForce GTX 1070,88.3693,22.5643,63.90738296508789,machine,N,1.0
2025-05-13T09:34:42,codecarbon,b73cc9a3-9af4-444c-b987-5fa2e533ba3a,5b0fa12a-3dd7-45bb-9766-cc326314d9f1,5.008897899999283,0.0004188008839949,8.361138365287523e-05,390.0,12.086524019927456,20.0,0.0005424129424946,1.6810846782001204e-05,2.7791652778008333e-05,0.0005870154420546,India,IND,west bengal,,,Windows-11-10.0.22631-SP0,3.12.7,3.0.1,12,AMD Ryzen 5 5600X 6-Core Processor,1,1 x NVIDIA GeForce GTX 1070,88.3693,22.5643,63.90738296508789,machine,N,1.0
2025-05-13T09:34:47,codecarbon,b73cc9a3-9af4-444c-b987-5fa2e533ba3a,5b0fa12a-3dd7-45bb-9766-cc326314d9f1,10.029064200003631,0.0008386494990251,8.362190951224075e-05,390.0,12.202171326096437,20.0,0.0010860312883325,3.3820304834000434e-05,5.564785111152257e-05,0.001175499444278,India,IND,west bengal,,,Windows-11-10.0.22631-SP0,3.12.7,3.0.1,12,AMD Ryzen 5 5600X 6-Core Processor,1,1 x NVIDIA GeForce GTX 1070,88.3693,22.5643,63.90738296508789,machine,N,1.0
2025-05-13T09:34:52,codecarbon,b73cc9a3-9af4-444c-b987-5fa2e533ba3a,5b0fa12a-3dd7-45bb-9766-cc326314d9f1,15.045540199964307,0.0012580580145647,8.361667297048544e-05,390.0,12.051033859218908,20.0,0.0016292694599969,5.060698493000032e-05,8.349013277846908e-05,0.0017633665777053,India,IND,west bengal,,,Windows-11-10.0.22631-SP0,3.12.7,3.0.1,12,AMD Ryzen 5 5600X 6-Core Processor,1,1 x NVIDIA GeForce GTX 1070,88.3693,22.5643,63.90738296508789,machine,N,1.0
2025-05-13T09:34:57,codecarbon,b73cc9a3-9af4-444c-b987-5fa2e533ba3a,5b0fa12a-3dd7-45bb-9766-cc326314d9f1,20.064055699971505,0.0016776981578911,8.361710030009162e-05,390.0,12.108679753415432,20.0,0.0021727396166621,6.748116509600055e-05,0.0001113375922225,0.0023515583739806,India,IND,west bengal,,,Windows-11-10.0.22631-SP0,3.12.7,3.0.1,12,AMD Ryzen 5 5600X 6-Core Processor,1,1 x NVIDIA GeForce GTX 1070,88.3693,22.5643,63.90738296508789,machine,N,1.0
2025-05-13T09:35:42,codecarbon,3affc8e1-a571-4f17-9080-593e55d3909a,5b0fa12a-3dd7-45bb-9766-cc326314d9f1,5.007107599987648,0.0004186070006233,8.36025574174483e-05,390.0,12.045125406369378,20.0,0.0005422066433335,1.6746957841999935e-05,2.779008277769511e-05,0.0005867436839532,India,IND,west bengal,,,Windows-11-10.0.22631-SP0,3.12.7,3.0.1,12,AMD Ryzen 5 5600X 6-Core Processor,1,1 x NVIDIA GeForce GTX 1070,88.3693,22.5643,63.90738296508789,machine,N,1.0
2025-05-13T09:35:47,codecarbon,3affc8e1-a571-4f17-9080-593e55d3909a,5b0fa12a-3dd7-45bb-9766-cc326314d9f1,10.025695399963295,0.0008382171431272,8.36068830826763e-05,390.0,12.072120848565817,20.0,0.0010856791508248,3.357030463400218e-05,5.564397388888109e-05,0.0011748934293477,India,IND,west bengal,,,Windows-11-10.0.22631-SP0,3.12.7,3.0.1,12,AMD Ryzen 5 5600X 6-Core Processor,1,1 x NVIDIA GeForce GTX 1070,88.3693,22.5643,63.90738296508789,machine,N,1.0
2025-05-13T09:35:52,codecarbon,3affc8e1-a571-4f17-9080-593e55d3909a,5b0fa12a-3dd7-45bb-9766-cc326314d9f1,15.04360950004775,0.0012578472267729,8.361339256838135e-05,390.0,12.15513820580273,20.0,0.0016290746983228,5.050698485000067e-05,8.348944222218254e-05,0.0017630711253949,India,IND,west bengal,,,Windows-11-10.0.22631-SP0,3.12.7,3.0.1,12,AMD Ryzen 5 5600X 6-Core Processor,1,1 x NVIDIA GeForce GTX 1070,88.3693,22.5643,63.90738296508789,machine,N,1.0
2025-05-13T09:35:57,codecarbon,3affc8e1-a571-4f17-9080-593e55d3909a,5b0fa12a-3dd7-45bb-9766-cc326314d9f1,20.06173359998502,0.0016774780722081,8.361580836710118e-05,390.0,12.146920838237468,20.0,0.0021724850224864,6.743255394600113e-05,0.0001113323127779,0.0023512498892104,India,IND,west bengal,,,Windows-11-10.0.22631-SP0,3.12.7,3.0.1,12,AMD Ryzen 5 5600X 6-Core Processor,1,1 x NVIDIA GeForce GTX 1070,88.3693,22.5643,63.90738296508789,machine,N,1.0
2025-05-13T09:37:28,codecarbon,abf89c6b-2fa7-4a09-9eb5-8a207c48e254,5b0fa12a-3dd7-45bb-9766-cc326314d9f1,5.008145400090143,0.0004187593007154,8.361564356895023e-05,390.0,12.111837115831491,20.0,0.0005423247591708,1.6843346807999746e-05,2.778905055602081e-05,0.0005869571565348,India,IND,west bengal,,,Windows-11-10.0.22631-SP0,3.12.7,3.0.1,12,AMD Ryzen 5 5600X 6-Core Processor,1,1 x NVIDIA GeForce GTX 1070,88.3693,22.5643,63.90738296508789,machine,N,1.0
2025-05-13T09:37:33,codecarbon,abf89c6b-2fa7-4a09-9eb5-8a207c48e254,5b0fa12a-3dd7-45bb-9766-cc326314d9f1,10.02641620009672,0.0008383749607349,8.361661275609695e-05,390.0,12.114873527829614,20.0,0.0010857488741719,3.3725026979999906e-05,5.564073444499324e-05,0.0011751146355969,India,IND,west bengal,,,Windows-11-10.0.22631-SP0,3.12.7,3.0.1,12,AMD Ryzen 5 5600X 6-Core Processor,1,1 x NVIDIA GeForce GTX 1070,88.3693,22.5643,63.90738296508789,machine,N,1.0
2025-05-13T09:37:38,codecarbon,abf89c6b-2fa7-4a09-9eb5-8a207c48e254,5b0fa12a-3dd7-45bb-9766-cc326314d9f1,15.042835100088269,0.0012577945849622,8.361419749624869e-05,390.0,12.07127118041982,20.0,0.0016289736775021,5.053948487600095e-05,8.34841772228376e-05,0.001762997339601,India,IND,west bengal,,,Windows-11-10.0.22631-SP0,3.12.7,3.0.1,12,AMD Ryzen 5 5600X 6-Core Processor,1,1 x NVIDIA GeForce GTX 1070,88.3693,22.5643,63.90738296508789,machine,N,1.0
2025-05-13T09:37:43,codecarbon,abf89c6b-2fa7-4a09-9eb5-8a207c48e254,5b0fa12a-3dd7-45bb-9766-cc326314d9f1,20.0612271000864,0.0016773222138319,8.361015033944313e-05,390.0,12.041159447513415,20.0,0.0021723873708329,6.73186649660009e-05,0.0001113253933338,0.0023510314291328,India,IND,west bengal,,,Windows-11-10.0.22631-SP0,3.12.7,3.0.1,12,AMD Ryzen 5 5600X 6-Core Processor,1,1 x NVIDIA GeForce GTX 1070,88.3693,22.5643,63.90738296508789,machine,N,1.0
2025-05-13T09:38:17,codecarbon,e5960290-c14f-4c76-bdf3-ab4e194191d8,5b0fa12a-3dd7-45bb-9766-cc326314d9f1,5.008469499996863,0.0004187445839744,8.360729439895599e-05,390.0,12.06657866996441,20.0,0.0005423656225,1.6781680091998777e-05,2.778922611097288e-05,0.000586936528703,India,IND,west bengal,,,Windows-11-10.0.22631-SP0,3.12.7,3.0.1,12,AMD Ryzen 5 5600X 6-Core Processor,1,1 x NVIDIA GeForce GTX 1070,88.3693,22.5643,63.90738296508789,machine,N,1.0
2025-05-13T09:39:02,codecarbon,9432ff14-d06d-46b3-9dd5-acf0966061d1,5b0fa12a-3dd7-45bb-9766-cc326314d9f1,5.009386300109327,0.0004188725404592,8.361753623395822e-05,390.0,12.123629079319503,20.0,0.0005424603275023,1.686390237999949e-05,2.7791650000209404e-05,0.0005871158798825,India,IND,west bengal,,,Windows-11-10.0.22631-SP0,3.12.7,3.0.1,12,AMD Ryzen 5 5600X 6-Core Processor,1,1 x NVIDIA GeForce GTX 1070,88.3693,22.5643,63.90738296508789,machine,N,1.0
2025-05-13T09:39:38,codecarbon,286652cb-e5f4-4021-9e62-44c67d958fae,5b0fa12a-3dd7-45bb-9766-cc326314d9f1,2.008739300072193,0.0001678360288162,8.355291739958279e-05,390.0,12.078501272918434,20.0,0.0002173925866702,6.7336164980003055e-06,1.1122442222484905e-05,0.0002352486453907,India,IND,west bengal,,,Windows-11-10.0.22631-SP0,3.12.7,3.0.1,12,AMD Ryzen 5 5600X 6-Core Processor,1,1 x NVIDIA GeForce GTX 1070,88.3693,22.5643,63.90738296508789,machine,N,1.0
2025-05-13T09:40:41,codecarbon,ce00453c-d81c-4482-985b-00e03ea68ca0,5b0fa12a-3dd7-45bb-9766-cc326314d9f1,2.008752200054005,0.0001677927007331,8.353081118151833e-05,390.0,12.030100998965752,20.0,0.0002173573566668,6.705560919998896e-06,1.1124996666977595e-05,0.0002351879142538,India,IND,west bengal,,,Windows-11-10.0.22631-SP0,3.12.7,3.0.1,12,AMD Ryzen 5 5600X 6-Core Processor,1,1 x NVIDIA GeForce GTX 1070,88.3693,22.5643,63.90738296508789,machine,N,1.0
2025-05-13T09:41:20,codecarbon,7c8f2b9c-6bb5-4f8f-a5fe-eecba17fc23b,5b0fa12a-3dd7-45bb-9766-cc326314d9f1,2.0088224000064656,0.0001678350619017,8.354897969138442e-05,390.0,12.066779578136112,20.0,0.0002173975591703,6.727227603999658e-06,1.1122503333414596e-05,0.0002352472901077,India,IND,west bengal,,,Windows-11-10.0.22631-SP0,3.12.7,3.0.1,12,AMD Ryzen 5 5600X 6-Core Processor,1,1 x NVIDIA GeForce GTX 1070,88.3693,22.5643,63.90738296508789,machine,N,1.0
2025-05-13T09:44:01,codecarbon,ea2c06a9-9407-494d-a9dc-263a57a79a10,5b0fa12a-3dd7-45bb-9766-cc326314d9f1,2.008185700047761,0.0001678351685556,8.357552219976963e-05,390.0,12.172857599234735,20.0,0.0002173381925056,6.784449871998291e-06,1.1124797222307984e-05,0.0002352474395999,India,IND,west bengal,,,Windows-11-10.0.22631-SP0,3.12.7,3.0.1,12,AMD Ryzen 5 5600X 6-Core Processor,1,1 x NVIDIA GeForce GTX 1070,88.3693,22.5643,63.90738296508789,machine,N,1.0
2025-05-13T09:44:50,codecarbon,45a41088-7814-4272-a3f7-0141fffdc6e5,5b0fa12a-3dd7-45bb-9766-cc326314d9f1,2.0093010999262333,0.0001678815633976,8.355221793479464e-05,390.0,12.082766989805917,20.0,0.0002174505883371,6.737783168000652e-06,1.112409777771164e-05,0.0002353124692828,India,IND,west bengal,,,Windows-11-10.0.22631-SP0,3.12.7,3.0.1,12,AMD Ryzen 5 5600X 6-Core Processor,1,1 x NVIDIA GeForce GTX 1070,88.3693,22.5643,63.90738296508789,machine,N,1.0
2025-05-13T09:45:28,codecarbon,0d0230fc-0a09-4454-9640-651268e57a73,5b0fa12a-3dd7-45bb-9766-cc326314d9f1,1.0085352999158204,8.423099071824389e-05,8.351813835893936e-05,390.0,12.360358755741974,20.0,0.0001090370449984,3.456669432001791e-06,5.569293888725548e-06,0.0001180630083191,India,IND,west bengal,,,Windows-11-10.0.22631-SP0,3.12.7,3.0.1,12,AMD Ryzen 5 5600X 6-Core Processor,1,1 x NVIDIA GeForce GTX 1070,88.3693,22.5643,63.90738296508789,machine,N,1.0
2025-05-13T09:45:47,codecarbon,74c2a3bd-edc5-4996-b3ef-cf1aeee6bc35,5b0fa12a-3dd7-45bb-9766-cc326314d9f1,1.0085757001070306,8.417025543823391e-05,8.345457403871789e-05,390.0,12.047436509363274,20.0,0.0001090407283346,3.369169361999713e-06,5.5679805557398746e-06,0.0001179778782523,India,IND,west bengal,,,Windows-11-10.0.22631-SP0,3.12.7,3.0.1,12,AMD Ryzen 5 5600X 6-Core Processor,1,1 x NVIDIA GeForce GTX 1070,88.3693,22.5643,63.90738296508789,machine,N,1.0
2025-05-13T09:45:48,codecarbon,74c2a3bd-edc5-4996-b3ef-cf1aeee6bc35,5b0fa12a-3dd7-45bb-9766-cc326314d9f1,2.028908600099385,0.0001693491898559,8.346812165303362e-05,390.0,12.149043628280245,20.0,0.0002193605808395,6.806394333999308e-06,1.1202603889008365e-05,0.0002373695790625,India,IND,west bengal,,,Windows-11-10.0.22631-SP0,3.12.7,3.0.1,12,AMD Ryzen 5 5600X 6-Core Processor,1,1 x NVIDIA GeForce GTX 1070,88.3693,22.5643,63.90738296508789,machine,N,1.0
2025-05-13T09:45:49,codecarbon,74c2a3bd-edc5-4996-b3ef-cf1aeee6bc35,5b0fa12a-3dd7-45bb-9766-cc326314d9f1,3.046531500061974,0.0002543032002944,8.34730250743431e-05,390.0,12.144871923635034,20.0,0.0003293895691701,1.0233341519999896e-05,1.6823102777642714e-05,0.0003564460134677,India,IND,west bengal,,,Windows-11-10.0.22631-SP0,3.12.7,3.0.1,12,AMD Ryzen 5 5600X 6-Core Processor,1,1 x NVIDIA GeForce GTX 1070,88.3693,22.5643,63.90738296508789,machine,N,1.0
2025-05-13T09:45:50,codecarbon,74c2a3bd-edc5-4996-b3ef-cf1aeee6bc35,5b0fa12a-3dd7-45bb-9766-cc326314d9f1,4.063859900110401,0.0003392440114853,8.34782743066899e-05,390.0,12.150176725951797,20.0,0.0004393978550069,1.3661122039999515e-05,2.2444970000328287e-05,0.0004755039470473,India,IND,west bengal,,,Windows-11-10.0.22631-SP0,3.12.7,3.0.1,12,AMD Ryzen 5 5600X 6-Core Processor,1,1 x NVIDIA GeForce GTX 1070,88.3693,22.5643,63.90738296508789,machine,N,1.0
2025-05-13T09:46:04,codecarbon,9de72f5d-6046-453c-8596-03176bbc93ba,5b0fa12a-3dd7-45bb-9766-cc326314d9f1,1.0084270000224933,8.415937605066395e-05,8.345609156516708e-05,390.0,12.030655736253832,20.0,0.0001090300358288,3.364169357998603e-06,5.568423889215208e-06,0.000117962629076,India,IND,west bengal,,,Windows-11-10.0.22631-SP0,3.12.7,3.0.1,12,AMD Ryzen 5 5600X 6-Core Processor,1,1 x NVIDIA GeForce GTX 1070,88.3693,22.5643,63.90738296508789,machine,N,1.0
2025-05-13T09:46:05,codecarbon,9de72f5d-6046-453c-8596-03176bbc93ba,5b0fa12a-3dd7-45bb-9766-cc326314d9f1,2.027783000026829,0.0001692337019635,8.34575011040586e-05,390.0,12.070500853075185,20.0,0.0002192345458257,6.7758387540008125e-06,1.11973200006307e-05,0.0002372077045803,India,IND,west bengal,,,Windows-11-10.0.22631-SP0,3.12.7,3.0.1,12,AMD Ryzen 5 5600X 6-Core Processor,1,1 x NVIDIA GeForce GTX 1070,88.3693,22.5643,63.90738296508789,machine,N,1.0
2025-05-13T09:46:06,codecarbon,9de72f5d-6046-453c-8596-03176bbc93ba,5b0fa12a-3dd7-45bb-9766-cc326314d9f1,3.0450176000595093,0.0002541663091852,8.346956982457018e-05,390.0,12.179953868879242,20.0,0.000329226895834,1.021167483600087e-05,1.6815568334034955e-05,0.000356254139004,India,IND,west bengal,,,Windows-11-10.0.22631-SP0,3.12.7,3.0.1,12,AMD Ryzen 5 5600X 6-Core Processor,1,1 x NVIDIA GeForce GTX 1070,88.3693,22.5643,63.90738296508789,machine,N,1.0
2025-05-13T09:46:07,codecarbon,9de72f5d-6046-453c-8596-03176bbc93ba,5b0fa12a-3dd7-45bb-9766-cc326314d9f1,4.0622434000251815,0.0003390914425071,8.347393524107156e-05,390.0,12.169134272564428,20.0,0.0004392110666638,1.3644177581999609e-05,2.24348533335918e-05,0.0004752900975794,India,IND,west bengal,,,Windows-11-10.0.22631-SP0,3.12.7,3.0.1,12,AMD Ryzen 5 5600X 6-Core Processor,1,1 x NVIDIA GeForce GTX 1070,88.3693,22.5643,63.90738296508789,machine,N,1.0
2025-05-13T09:48:26,codecarbon,21ec139c-0f9b-4a29-bce4-3283408d3b3e,5b0fa12a-3dd7-45bb-9766-cc326314d9f1,1.008800899959169,8.420295246921026e-05,8.346835581988313e-05,390.0,12.228516277649238,20.0,0.0001090343150028,3.4197249580009137e-06,5.569668333434189e-06,0.0001180237082943,India,IND,west bengal,,,Windows-11-10.0.22631-SP0,3.12.7,3.0.1,12,AMD Ryzen 5 5600X 6-Core Processor,1,1 x NVIDIA GeForce GTX 1070,88.3693,22.5643,63.90738296508789,machine,N,1.0
2025-05-13T09:48:43,codecarbon,61b2842b-6724-4faa-ac88-8260aecffc7a,5b0fa12a-3dd7-45bb-9766-cc326314d9f1,1.0090127000585198,8.424265863640785e-05,8.349018662651324e-05,390.0,12.228508468724694,20.0,0.0001090896300078,3.421391626000705e-06,5.568341111453872e-06,0.0001180793627453,India,IND,west bengal,,,Windows-11-10.0.22631-SP0,3.12.7,3.0.1,12,AMD Ryzen 5 5600X 6-Core Processor,1,1 x NVIDIA GeForce GTX 1070,88.3693,22.5643,63.90738296508789,machine,N,1.0
2025-05-13T09:49:53,codecarbon,19faa77e-baa1-451f-9639-8634b6983b42,5b0fa12a-3dd7-45bb-9766-cc326314d9f1,1.0085663000354543,8.417949194316037e-05,8.3464509908968e-05,390.0,12.158702775220911,20.0,0.0001090230591721,3.399724941999943e-06,5.568040555549993e-06,0.0001179908246696,India,IND,west bengal,,,Windows-11-10.0.22631-SP0,3.12.7,3.0.1,12,AMD Ryzen 5 5600X 6-Core Processor,1,1 x NVIDIA GeForce GTX 1070,88.3693,22.5643,63.90738296508789,machine,N,1.0
2025-05-13T09:49:54,codecarbon,19faa77e-baa1-451f-9639-8634b6983b42,5b0fa12a-3dd7-45bb-9766-cc326314d9f1,2.0286326999776065,0.0001693430079097,8.347642622129312e-05,390.0,12.164217402232618,20.0,0.00021931592584,6.84056102800111e-06,1.1204427222643668e-05,0.0002373609140907,India,IND,west bengal,,,Windows-11-10.0.22631-SP0,3.12.7,3.0.1,12,AMD Ryzen 5 5600X 6-Core Processor,1,1 x NVIDIA GeForce GTX 1070,88.3693,22.5643,63.90738296508789,machine,N,1.0
2025-05-13T09:49:55,codecarbon,19faa77e-baa1-451f-9639-8634b6983b42,5b0fa12a-3dd7-45bb-9766-cc326314d9f1,3.047600500052795,0.0002544354396005,8.348713671496404e-05,390.0,12.298889727035911,20.0,0.000329486668332,1.031556380800061e-05,1.6829135556084415e-05,0.0003566313676961,India,IND,west bengal,,,Windows-11-10.0.22631-SP0,3.12.7,3.0.1,12,AMD Ryzen 5 5600X 6-Core Processor,1,1 x NVIDIA GeForce GTX 1070,88.3693,22.5643,63.90738296508789,machine,N,1.0
2025-05-13T09:49:56,codecarbon,19faa77e-baa1-451f-9639-8634b6983b42,5b0fa12a-3dd7-45bb-9766-cc326314d9f1,4.065236499998719,0.0003393924803895,8.348652787843363e-05,390.0,12.219773759574084,20.0,0.0004394953658261,1.3763622122001454e-05,2.245306166716748e-05,0.0004757120496152,India,IND,west bengal,,,Windows-11-10.0.22631-SP0,3.12.7,3.0.1,12,AMD Ryzen 5 5600X 6-Core Processor,1,1 x NVIDIA GeForce GTX 1070,88.3693,22.5643,63.90738296508789,machine,N,1.0
2025-05-13T09:50:29,codecarbon,96686c84-7ac9-47c2-9b76-e0fd59083834,5b0fa12a-3dd7-45bb-9766-cc326314d9f1,1.008597600040957,8.418156427566394e-05,8.346397440589337e-05,390.0,12.086670500258387,20.0,0.0001090437833326,3.3802804819994814e-06,5.569665555635261e-06,0.0001179937293702,India,IND,west bengal,,,Windows-11-10.0.22631-SP0,3.12.7,3.0.1,12,AMD Ryzen 5 5600X 6-Core Processor,1,1 x NVIDIA GeForce GTX 1070,88.3693,22.5643,63.90738296508789,machine,N,1.0
2025-05-13T09:50:30,codecarbon,96686c84-7ac9-47c2-9b76-e0fd59083834,5b0fa12a-3dd7-45bb-9766-cc326314d9f1,2.0308081000112,0.0001695269853076,8.347759953622873e-05,390.0,12.156931419552729,20.0,0.0002195771391697,6.826394350000278e-06,1.1215253888965688e-05,0.0002376187874087,India,IND,west bengal,,,Windows-11-10.0.22631-SP0,3.12.7,3.0.1,12,AMD Ryzen 5 5600X 6-Core Processor,1,1 x NVIDIA GeForce GTX 1070,88.3693,22.5643,63.90738296508789,machine,N,1.0
2025-05-13T09:50:31,codecarbon,96686c84-7ac9-47c2-9b76-e0fd59083834,5b0fa12a-3dd7-45bb-9766-cc326314d9f1,3.050603599986061,0.0002546834816139,8.348625878992634e-05,390.0,12.22326872410934,20.0,0.0003298477649989,1.0283063782000336e-05,1.6848208888485616e-05,0.0003569790376694,India,IND,west bengal,,,Windows-11-10.0.22631-SP0,3.12.7,3.0.1,12,AMD Ryzen 5 5600X 6-Core Processor,1,1 x NVIDIA GeForce GTX 1070,88.3693,22.5643,63.90738296508789,machine,N,1.0
2025-05-13T09:50:32,codecarbon,96686c84-7ac9-47c2-9b76-e0fd59083834,5b0fa12a-3dd7-45bb-9766-cc326314d9f1,4.070733000058681,0.0003398413667396,8.348407196806949e-05,390.0,12.111782874861971,20.0,0.0004401474675018,1.370917763400016e-05,2.248458944377489e-05,0.0004763412345795,India,IND,west bengal,,,Windows-11-10.0.22631-SP0,3.12.7,3.0.1,12,AMD Ryzen 5 5600X 6-Core Processor,1,1 x NVIDIA GeForce GTX 1070,88.3693,22.5643,63.90738296508789,machine,N,1.0
2025-05-13T09:51:39,codecarbon,8165b4da-e5fe-4f42-a012-9fa905a84f85,5b0fa12a-3dd7-45bb-9766-cc326314d9f1,1.007516699959524,8.409998864115883e-05,8.347255052401361e-05,390.0,12.132448083955593,20.0,0.000108922319995,3.389169377998949e-06,5.5678988890981095e-06,0.0001178793882621,India,IND,west bengal,,,Windows-11-10.0.22631-SP0,3.12.7,3.0.1,12,AMD Ryzen 5 5600X 6-Core Processor,1,1 x NVIDIA GeForce GTX 1070,88.3693,22.5643,63.90738296508789,machine,N,1.0
2025-05-13T09:51:40,codecarbon,8165b4da-e5fe-4f42-a012-9fa905a84f85,5b0fa12a-3dd7-45bb-9766-cc326314d9f1,2.029881499940529,0.0001694478054368,8.347669824166461e-05,390.0,12.150311303609517,20.0,0.000219458871652,6.833616577998219e-06,1.1215316111014948e-05,0.000237507804341,India,IND,west bengal,,,Windows-11-10.0.22631-SP0,3.12.7,3.0.1,12,AMD Ryzen 5 5600X 6-Core Processor,1,1 x NVIDIA GeForce GTX 1070,88.3693,22.5643,63.90738296508789,machine,N,1.0
2025-05-13T09:51:41,codecarbon,8165b4da-e5fe-4f42-a012-9fa905a84f85,5b0fa12a-3dd7-45bb-9766-cc326314d9f1,3.0500796999549493,0.0002546250412726,8.34814386248401e-05,390.0,12.179536199936896,20.0,0.0003297666449866,1.0279174889998507e-05,1.685130444432919e-05,0.0003568971243209,India,IND,west bengal,,,Windows-11-10.0.22631-SP0,3.12.7,3.0.1,12,AMD Ryzen 5 5600X 6-Core Processor,1,1 x NVIDIA GeForce GTX 1070,88.3693,22.5643,63.90738296508789,machine,N,1.0
2025-05-13T09:51:42,codecarbon,8165b4da-e5fe-4f42-a012-9fa905a84f85,5b0fa12a-3dd7-45bb-9766-cc326314d9f1,4.068663400015794,0.0003396461224892,8.347855034848174e-05,390.0,12.069826362705069,20.0,0.000439900272486,1.3688344283998429e-05,2.247895222196045e-05,0.000476067568992,India,IND,west bengal,,,Windows-11-10.0.22631-SP0,3.12.7,3.0.1,12,AMD Ryzen 5 5600X 6-Core Processor,1,1 x NVIDIA GeForce GTX 1070,88.3693,22.5643,63.90738296508789,machine,N,1.0
2025-05-13T09:53:50,codecarbon,5da78ac0-9015-4339-a78c-a876d5b2165b,5b0fa12a-3dd7-45bb-9766-cc326314d9f1,1.0075745000503955,8.410978379725498e-05,8.347748359356859e-05,390.0,12.139824585925425,20.0,0.0001089333700035,3.391669379999504e-06,5.568078333615429e-06,0.0001178931177171,India,IND,west bengal,,,Windows-11-10.0.22631-SP0,3.12.7,3.0.1,12,AMD Ryzen 5 5600X 6-Core Processor,1,1 x NVIDIA GeForce GTX 1070,88.3693,22.5643,63.90738296508789,machine,N,1.0
2025-05-13T09:53:51,codecarbon,5da78ac0-9015-4339-a78c-a876d5b2165b,5b0fa12a-3dd7-45bb-9766-cc326314d9f1,2.0279223000397906,0.0001692717024352,8.347050694788134e-05,390.0,12.082663026927388,20.0,0.0002192459966706,6.810005447999146e-06,1.1204966111755412e-05,0.0002372609682303,India,IND,west bengal,,,Windows-11-10.0.22631-SP0,3.12.7,3.0.1,12,AMD Ryzen 5 5600X 6-Core Processor,1,1 x NVIDIA GeForce GTX 1070,88.3693,22.5643,63.90738296508789,machine,N,1.0
2025-05-13T09:53:52,codecarbon,5da78ac0-9015-4339-a78c-a876d5b2165b,5b0fa12a-3dd7-45bb-9766-cc326314d9f1,3.046847500023432,0.0002543449889324,8.347808314346184e-05,390.0,12.192477321745171,20.0,0.0003294174108469,1.0255008203998923e-05,1.683216777875916e-05,0.0003565045868297,India,IND,west bengal,,,Windows-11-10.0.22631-SP0,3.12.7,3.0.1,12,AMD Ryzen 5 5600X 6-Core Processor,1,1 x NVIDIA GeForce GTX 1070,88.3693,22.5643,63.90738296508789,machine,N,1.0
2025-05-13T09:53:53,codecarbon,5da78ac0-9015-4339-a78c-a876d5b2165b,5b0fa12a-3dd7-45bb-9766-cc326314d9f1,4.065210300032049,0.0003393597855481,8.347902334731356e-05,390.0,12.154762270459546,20.0,0.0004395210950247,1.3687233171999144e-05,2.245789444552631e-05,0.0004756662226422,India,IND,west bengal,,,Windows-11-10.0.22631-SP0,3.12.7,3.0.1,12,AMD Ryzen 5 5600X 6-Core Processor,1,1 x NVIDIA GeForce GTX 1070,88.3693,22.5643,63.90738296508789,machine,N,1.0
2025-05-13T09:54:36,codecarbon,d94e7ad1-a1f9-44c6-a07b-933578795698,5b0fa12a-3dd7-45bb-9766-cc326314d9f1,1.0084896000334993,8.416490384027361e-05,8.345639244815006e-05,390.0,12.078926445347635,20.0,0.0001090237199978,3.377502701998672e-06,5.569154444512808e-06,0.0001179703771443,India,IND,west bengal,,,Windows-11-10.0.22631-SP0,3.12.7,3.0.1,12,AMD Ryzen 5 5600X 6-Core Processor,1,1 x NVIDIA GeForce GTX 1070,88.3693,22.5643,63.90738296508789,machine,N,1.0
2025-05-13T09:54:37,codecarbon,d94e7ad1-a1f9-44c6-a07b-933578795698,5b0fa12a-3dd7-45bb-9766-cc326314d9f1,2.029403700027615,0.0001693906853728,8.346820564609482e-05,390.0,12.151964499514554,20.0,0.0002194017150041,6.817505453999076e-06,1.1208521111014608e-05,0.0002374277415691,India,IND,west bengal,,,Windows-11-10.0.22631-SP0,3.12.7,3.0.1,12,AMD Ryzen 5 5600X 6-Core Processor,1,1 x NVIDIA GeForce GTX 1070,88.3693,22.5643,63.90738296508789,machine,N,1.0
2025-05-13T09:54:38,codecarbon,d94e7ad1-a1f9-44c6-a07b-933578795698,5b0fa12a-3dd7-45bb-9766-cc326314d9f1,3.0481522999471053,0.000254447968386,8.347613352208977e-05,390.0,12.151136781876916,20.0,0.0003295607033408,1.025028597799807e-05,1.683793944474827e-05,0.0003566489287636,India,IND,west bengal,,,Windows-11-10.0.22631-SP0,3.12.7,3.0.1,12,AMD Ryzen 5 5600X 6-Core Processor,1,1 x NVIDIA GeForce GTX 1070,88.3693,22.5643,63.90738296508789,machine,N,1.0
2025-05-13T09:54:39,codecarbon,d94e7ad1-a1f9-44c6-a07b-933578795698,5b0fa12a-3dd7-45bb-9766-cc326314d9f1,4.06729020003695,0.0003395294814361,8.34780565775828e-05,390.0,12.160967255615,20.0,0.0004397499166681,1.368695539399889e-05,2.246720611130716e-05,0.0004759040781734,India,IND,west bengal,,,Windows-11-10.0.22631-SP0,3.12.7,3.0.1,12,AMD Ryzen 5 5600X 6-Core Processor,1,1 x NVIDIA GeForce GTX 1070,88.3693,22.5643,63.90738296508789,machine,N,1.0
2025-05-13T09:55:30,codecarbon,48f39f86-81a1-4613-a076-58ebf1ee3dbb,5b0fa12a-3dd7-45bb-9766-cc326314d9f1,1.0081071999156848,8.415775160585129e-05,8.348095481600569e-05,390.0,12.180675945724309,20.0,0.0001089866049927,3.4047249459993184e-06,5.569022221930532e-06,0.0001179603521606,India,IND,west bengal,,,Windows-11-10.0.22631-SP0,3.12.7,3.0.1,12,AMD Ryzen 5 5600X 6-Core Processor,1,1 x NVIDIA GeForce GTX 1070,88.3693,22.5643,63.90738296508789,machine,N,1.0
2025-05-13T09:55:31,codecarbon,48f39f86-81a1-4613-a076-58ebf1ee3dbb,5b0fa12a-3dd7-45bb-9766-cc326314d9f1,2.0297338999807835,0.0001694206235239,8.346937671265752e-05,390.0,12.01047456794591,20.0,0.0002194467924942,6.807227668001806e-06,1.1215684443919196e-05,0.0002374697046061,India,IND,west bengal,,,Windows-11-10.0.22631-SP0,3.12.7,3.0.1,12,AMD Ryzen 5 5600X 6-Core Processor,1,1 x NVIDIA GeForce GTX 1070,88.3693,22.5643,63.90738296508789,machine,N,1.0
2025-05-13T09:55:32,codecarbon,48f39f86-81a1-4613-a076-58ebf1ee3dbb,5b0fa12a-3dd7-45bb-9766-cc326314d9f1,3.049701999989338,0.0002545804821246,8.347716666269015e-05,390.0,12.215806866995209,20.0,0.0003297251749987,1.026223043200207e-05,1.684726222172483e-05,0.0003568346676524,India,IND,west bengal,,,Windows-11-10.0.22631-SP0,3.12.7,3.0.1,12,AMD Ryzen 5 5600X 6-Core Processor,1,1 x NVIDIA GeForce GTX 1070,88.3693,22.5643,63.90738296508789,machine,N,1.0
2025-05-13T09:55:33,codecarbon,48f39f86-81a1-4613-a076-58ebf1ee3dbb,5b0fa12a-3dd7-45bb-9766-cc326314d9f1,4.069213999900967,0.0003396852091641,8.347686043850849e-05,390.0,12.158398360655198,20.0,0.0004399420458348,1.369917762600141e-05,2.248113166618472e-05,0.0004761223551269,India,IND,west bengal,,,Windows-11-10.0.22631-SP0,3.12.7,3.0.1,12,AMD Ryzen 5 5600X 6-Core Processor,1,1 x NVIDIA GeForce GTX 1070,88.3693,22.5643,63.90738296508789,machine,N,1.0
2025-05-13T09:55:59,codecarbon,0600a547-062c-4d36-a1fb-5eb391d97af0,5b0fa12a-3dd7-45bb-9766-cc326314d9f1,1.0083886999636889,8.41660776540604e-05,8.346590720135117e-05,390.0,12.138716040646091,20.0,0.0001090113808255,3.3938916039998046e-06,5.566749999868788e-06,0.0001179720224294,India,IND,west bengal,,,Windows-11-10.0.22631-SP0,3.12.7,3.0.1,12,AMD Ryzen 5 5600X 6-Core Processor,1,1 x NVIDIA GeForce GTX 1070,88.3693,22.5643,63.90738296508789,machine,N,1.0
2025-05-13T09:56:00,codecarbon,0600a547-062c-4d36-a1fb-5eb391d97af0,5b0fa12a-3dd7-45bb-9766-cc326314d9f1,2.028166399919428,0.0001693211968312,8.348486437700467e-05,390.0,12.2098012928259,20.0,0.0002192808475044,6.8466721439997685e-06,1.1202822778270478e-05,0.0002373303424267,India,IND,west bengal,,,Windows-11-10.0.22631-SP0,3.12.7,3.0.1,12,AMD Ryzen 5 5600X 6-Core Processor,1,1 x NVIDIA GeForce GTX 1070,88.3693,22.5643,63.90738296508789,machine,N,1.0
2025-05-13T09:56:01,codecarbon,0600a547-062c-4d36-a1fb-5eb391d97af0,5b0fa12a-3dd7-45bb-9766-cc326314d9f1,3.047111599938944,0.0002543991728094,8.348862995847456e-05,390.0,12.219969042905964,20.0,0.000329450365833,1.0299174905999478e-05,1.6830993333779692e-05,0.0003565805340728,India,IND,west bengal,,,Windows-11-10.0.22631-SP0,3.12.7,3.0.1,12,AMD Ryzen 5 5600X 6-Core Processor,1,1 x NVIDIA GeForce GTX 1070,88.3693,22.5643,63.90738296508789,machine,N,1.0
2025-05-13T09:56:02,codecarbon,0600a547-062c-4d36-a1fb-5eb391d97af0,5b0fa12a-3dd7-45bb-9766-cc326314d9f1,4.066924899932928,0.0003395248282387,8.348441060329436e-05,390.0,12.148124772539555,20.0,0.0004397029216634,1.3734177654000508e-05,2.24604566665625e-05,0.0004758975559839,India,IND,west bengal,,,Windows-11-10.0.22631-SP0,3.12.7,3.0.1,12,AMD Ryzen 5 5600X 6-Core Processor,1,1 x NVIDIA GeForce GTX 1070,88.3693,22.5643,63.90738296508789,machine,N,1.0
2025-05-13T09:56:58,codecarbon,0ff0181a-1291-4de8-8be3-85732940da54,5b0fa12a-3dd7-45bb-9766-cc326314d9f1,1.0076368999434635,8.410921402250973e-05,8.347174863011561e-05,390.0,12.106062165233162,20.0,0.0001089419608266,3.382502705999782e-06,5.567855555434815e-06,0.000117892319088,India,IND,west bengal,,,Windows-11-10.0.22631-SP0,3.12.7,3.0.1,12,AMD Ryzen 5 5600X 6-Core Processor,1,1 x NVIDIA GeForce GTX 1070,88.3693,22.5643,63.90738296508789,machine,N,1.0
2025-05-13T09:56:59,codecarbon,0ff0181a-1291-4de8-8be3-85732940da54,5b0fa12a-3dd7-45bb-9766-cc326314d9f1,2.028891499969177,0.0001693743237861,8.348121315935948e-05,390.0,12.150070176741988,20.0,0.0002193651416571,6.8233387919992144e-06,1.1216327777623924e-05,0.0002374048082268,India,IND,west bengal,,,Windows-11-10.0.22631-SP0,3.12.7,3.0.1,12,AMD Ryzen 5 5600X 6-Core Processor,1,1 x NVIDIA GeForce GTX 1070,88.3693,22.5643,63.90738296508789,machine,N,1.0
2025-05-13T09:57:00,codecarbon,0ff0181a-1291-4de8-8be3-85732940da54,5b0fa12a-3dd7-45bb-9766-cc326314d9f1,3.0471443999558687,0.0002543895048588,8.348455848123855e-05,390.0,12.14862200260218,20.0,0.0003294641241576,1.0253619313999388e-05,1.6849239444774058e-05,0.0003565669829164,India,IND,west bengal,,,Windows-11-10.0.22631-SP0,3.12.7,3.0.1,12,AMD Ryzen 5 5600X 6-Core Processor,1,1 x NVIDIA GeForce GTX 1070,88.3693,22.5643,63.90738296508789,machine,N,1.0
2025-05-13T09:57:01,codecarbon,0ff0181a-1291-4de8-8be3-85732940da54,5b0fa12a-3dd7-45bb-9766-cc326314d9f1,4.068040099926293,0.0003396094563894,8.348232761904131e-05,390.0,12.162056391271696,20.0,0.0004398401041612,1.36963998460006e-05,2.247967166735584e-05,0.0004760161756745,India,IND,west bengal,,,Windows-11-10.0.22631-SP0,3.12.7,3.0.1,12,AMD Ryzen 5 5600X 6-Core Processor,1,1 x NVIDIA GeForce GTX 1070,88.3693,22.5643,63.90738296508789,machine,N,1.0
2025-05-13T09:58:45,codecarbon,4183e728-9102-487e-9854-22816f92b113,5b0fa12a-3dd7-45bb-9766-cc326314d9f1,1.0076205999357626,8.410519834455486e-05,8.346911362264398e-05,390.0,12.090796149019033,20.0,0.0001089398266689,3.37833603600117e-06,5.568527777601655e-06,0.0001178866904825,India,IND,west bengal,,,Windows-11-10.0.22631-SP0,3.12.7,3.0.1,12,AMD Ryzen 5 5600X 6-Core Processor,1,1 x NVIDIA GeForce GTX 1070,88.3693,22.5643,63.90738296508789,machine,N,1.0
2025-05-13T09:58:46,codecarbon,4183e728-9102-487e-9854-22816f92b113,5b0fa12a-3dd7-45bb-9766-cc326314d9f1,2.02771739999298,0.0001692712389089,8.347871301470858e-05,390.0,12.198630763707593,20.0,0.0002192231925068,6.829172129999353e-06,1.120795388835379e-05,0.0002372603185252,India,IND,west bengal,,,Windows-11-10.0.22631-SP0,3.12.7,3.0.1,12,AMD Ryzen 5 5600X 6-Core Processor,1,1 x NVIDIA GeForce GTX 1070,88.3693,22.5643,63.90738296508789,machine,N,1.0
2025-05-13T09:58:47,codecarbon,4183e728-9102-487e-9854-22816f92b113,5b0fa12a-3dd7-45bb-9766-cc326314d9f1,3.040432099951431,0.0002538252283263,8.348327473926281e-05,390.0,12.153853426002447,20.0,0.0003287262983435,1.02422304160011e-05,1.680753166632106e-05,0.0003557760604259,India,IND,west bengal,,,Windows-11-10.0.22631-SP0,3.12.7,3.0.1,12,AMD Ryzen 5 5600X 6-Core Processor,1,1 x NVIDIA GeForce GTX 1070,88.3693,22.5643,63.90738296508789,machine,N,1.0
2025-05-13T09:58:48,codecarbon,4183e728-9102-487e-9854-22816f92b113,5b0fa12a-3dd7-45bb-9766-cc326314d9f1,4.053646799991839,0.0003383755807621685,8.34743620886876e-05,390.0,12.058751023960356,20.0,0.00043824870917596857,1.3630010904000511e-05,2.2407984443836742e-05,0.0004742867045238058,India,IND,west bengal,,,Windows-11-10.0.22631-SP0,3.12.7,3.0.1,12,AMD Ryzen 5 5600X 6-Core Processor,1,1 x NVIDIA GeForce GTX 1070,88.3693,22.5643,63.90738296508789,machine,N,1.0
